exposure,outcome,SNP,correct
KOGES_LDL,BBJ_Glaucoma,rs10788994,True
KOGES_LDL,BBJ_Glaucoma,rs67171713,True
KOGES_LDL,BBJ_Glaucoma,rs12740374,True
KOGES_LDL,BBJ_Glaucoma,rs1963606,True
KOGES_LDL,BBJ_Glaucoma,rs2854725,True
KOGES_LDL,BBJ_Glaucoma,rs1367117,True
KOGES_LDL,BBJ_Glaucoma,rs219546,True
KOGES_LDL,BBJ_Glaucoma,rs75190536,True
KOGES_LDL,BBJ_Glaucoma,rs11689333,True
KOGES_LDL,BBJ_Glaucoma,rs6453131,True
KOGES_LDL,BBJ_Glaucoma,rs4704827,True
KOGES_LDL,BBJ_Glaucoma,rs56293029,True
KOGES_LDL,BBJ_Glaucoma,rs7454595,True
KOGES_LDL,BBJ_Glaucoma,rs7789194,True
KOGES_LDL,BBJ_Glaucoma,rs10106829,True
KOGES_LDL,BBJ_Glaucoma,rs7004158,True
KOGES_LDL,BBJ_Glaucoma,rs112784971,True
KOGES_LDL,BBJ_Glaucoma,rs2737245,True
KOGES_LDL,BBJ_Glaucoma,rs2740488,True
KOGES_LDL,BBJ_Glaucoma,rs10987803,True
KOGES_LDL,BBJ_Glaucoma,rs550057,True
KOGES_LDL,BBJ_Glaucoma,rs6585139,True
KOGES_LDL,BBJ_Glaucoma,rs2419607,True
KOGES_LDL,BBJ_Glaucoma,rs1976339,True
KOGES_LDL,BBJ_Glaucoma,rs174580,True
KOGES_LDL,BBJ_Glaucoma,rs3741297,True
KOGES_LDL,BBJ_Glaucoma,rs10492316,True
KOGES_LDL,BBJ_Glaucoma,rs671,True
KOGES_LDL,BBJ_Glaucoma,rs1169288,True
KOGES_LDL,BBJ_Glaucoma,rs2660369,True
KOGES_LDL,BBJ_Glaucoma,rs61946969,True
KOGES_LDL,BBJ_Glaucoma,rs9921399,True
KOGES_LDL,BBJ_Glaucoma,rs77303550,True
KOGES_LDL,BBJ_Glaucoma,rs2027993,True
KOGES_LDL,BBJ_Glaucoma,rs9892234,True
KOGES_LDL,BBJ_Glaucoma,rs9953437,True
KOGES_LDL,BBJ_Glaucoma,rs12459481,True
KOGES_LDL,BBJ_Glaucoma,rs2738464,True
KOGES_LDL,BBJ_Glaucoma,rs17699089,True
KOGES_LDL,BBJ_Glaucoma,rs7254892,True
KOGES_LDL,BBJ_Glaucoma,rs429358,True
KOGES_LDL,BBJ_Glaucoma,rs78620885,True
KOGES_LDL,BBJ_Glaucoma,rs2229893,True
KOGES_TC,BBJ_Glaucoma,rs17111483,True
KOGES_TC,BBJ_Glaucoma,rs3903212,True
KOGES_TC,BBJ_Glaucoma,rs12740374,True
KOGES_TC,BBJ_Glaucoma,rs10754206,True
KOGES_TC,BBJ_Glaucoma,rs2642438,True
KOGES_TC,BBJ_Glaucoma,rs12070208,True
KOGES_TC,BBJ_Glaucoma,rs484084,True
KOGES_TC,BBJ_Glaucoma,rs13306194,True
KOGES_TC,BBJ_Glaucoma,rs1367117,True
KOGES_TC,BBJ_Glaucoma,rs58953077,True
KOGES_TC,BBJ_Glaucoma,rs75190536,True
KOGES_TC,BBJ_Glaucoma,rs1260326,True
KOGES_TC,BBJ_Glaucoma,rs11689333,True
KOGES_TC,BBJ_Glaucoma,rs75404951,True
KOGES_TC,BBJ_Glaucoma,rs4704827,True
KOGES_TC,BBJ_Glaucoma,rs56293029,True
KOGES_TC,BBJ_Glaucoma,rs8191738,True
KOGES_TC,BBJ_Glaucoma,rs56832849,True
KOGES_TC,BBJ_Glaucoma,rs34906420,True
KOGES_TC,BBJ_Glaucoma,rs112784971,True
KOGES_TC,BBJ_Glaucoma,rs2737245,True
KOGES_TC,BBJ_Glaucoma,rs11789603,True
KOGES_TC,BBJ_Glaucoma,rs1883025,True
KOGES_TC,BBJ_Glaucoma,rs10987819,True
KOGES_TC,BBJ_Glaucoma,rs550057,True
KOGES_TC,BBJ_Glaucoma,rs2297991,True
KOGES_TC,BBJ_Glaucoma,rs2419607,True
KOGES_TC,BBJ_Glaucoma,rs662799,True
KOGES_TC,BBJ_Glaucoma,rs11110397,True
KOGES_TC,BBJ_Glaucoma,rs1169288,True
KOGES_TC,BBJ_Glaucoma,rs2660369,True
KOGES_TC,BBJ_Glaucoma,rs76898656,True
KOGES_TC,BBJ_Glaucoma,rs1077835,True
KOGES_TC,BBJ_Glaucoma,rs247617,True
KOGES_TC,BBJ_Glaucoma,rs77303550,True
KOGES_TC,BBJ_Glaucoma,rs7405889,True
KOGES_TC,BBJ_Glaucoma,rs9953437,True
KOGES_TC,BBJ_Glaucoma,rs12459481,True
KOGES_TC,BBJ_Glaucoma,rs2738464,True
KOGES_TC,BBJ_Glaucoma,rs17699089,True
KOGES_TC,BBJ_Glaucoma,rs429358,True
KOGES_TC,BBJ_Glaucoma,rs142385484,True
KOGES_TC,BBJ_Glaucoma,rs61102029,True
KOGES_TC,BBJ_Glaucoma,rs6124335,True
KOGES_TG,BBJ_Glaucoma,rs10889356,True
KOGES_TG,BBJ_Glaucoma,rs4076525,True
KOGES_TG,BBJ_Glaucoma,rs13306194,True
KOGES_TG,BBJ_Glaucoma,rs1260326,True
KOGES_TG,BBJ_Glaucoma,rs56001553,True
KOGES_TG,BBJ_Glaucoma,rs4690098,True
KOGES_TG,BBJ_Glaucoma,rs236681,True
KOGES_TG,BBJ_Glaucoma,rs7702004,True
KOGES_TG,BBJ_Glaucoma,rs2269426,True
KOGES_TG,BBJ_Glaucoma,rs34046799,True
KOGES_TG,BBJ_Glaucoma,rs58770498,True
KOGES_TG,BBJ_Glaucoma,rs10807139,True
KOGES_TG,BBJ_Glaucoma,rs6905288,True
KOGES_TG,BBJ_Glaucoma,rs72976941,True
KOGES_TG,BBJ_Glaucoma,rs61010704,True
KOGES_TG,BBJ_Glaucoma,rs939955,True
KOGES_TG,BBJ_Glaucoma,rs343,True
KOGES_TG,BBJ_Glaucoma,rs76920767,True
KOGES_TG,BBJ_Glaucoma,rs2954021,True
KOGES_TG,BBJ_Glaucoma,rs2068888,True
KOGES_TG,BBJ_Glaucoma,rs1907256,True
KOGES_TG,BBJ_Glaucoma,rs97384,True
KOGES_TG,BBJ_Glaucoma,rs7110823,True
KOGES_TG,BBJ_Glaucoma,rs6589558,True
KOGES_TG,BBJ_Glaucoma,rs7350481,True
KOGES_TG,BBJ_Glaucoma,rs74368849,True
KOGES_TG,BBJ_Glaucoma,rs17120373,True
KOGES_TG,BBJ_Glaucoma,rs10892103,True
KOGES_TG,BBJ_Glaucoma,rs261291,True
KOGES_TG,BBJ_Glaucoma,rs2070895,True
KOGES_TG,BBJ_Glaucoma,rs2084152,True
KOGES_TG,BBJ_Glaucoma,rs7499892,True
KOGES_TG,BBJ_Glaucoma,rs35137323,True
KOGES_TG,BBJ_Glaucoma,rs737337,True
KOGES_TG,BBJ_Glaucoma,rs58542926,True
KOGES_TG,BBJ_Glaucoma,rs59536587,True
KOGES_TG,BBJ_Glaucoma,rs483082,True
KOGES_TG,BBJ_Glaucoma,rs56084109,True
KOGES_TG,BBJ_Glaucoma,rs16990971,True
KOGES_LIP,BBJ_Glaucoma,rs629301,True
KOGES_LIP,BBJ_Glaucoma,rs79490663,True
KOGES_LIP,BBJ_Glaucoma,rs1260326,True
KOGES_LIP,BBJ_Glaucoma,rs2980860,True
KOGES_LIP,BBJ_Glaucoma,rs635634,True
KOGES_LIP,BBJ_Glaucoma,rs651821,True
KOGES_LIP,BBJ_Glaucoma,rs2738464,True
KOGES_LIP,BBJ_Glaucoma,rs2278426,True
KOGES_LIP,BBJ_Glaucoma,rs429358,True
KOGES_LDL,TPMI_365,rs10788994,True
KOGES_LDL,TPMI_365,rs67171713,True
KOGES_LDL,TPMI_365,rs12740374,True
KOGES_LDL,TPMI_365,rs1963606,True
KOGES_LDL,TPMI_365,rs2854725,True
KOGES_LDL,TPMI_365,rs1367117,True
KOGES_LDL,TPMI_365,rs219546,True
KOGES_LDL,TPMI_365,rs75190536,True
KOGES_LDL,TPMI_365,rs11689333,True
KOGES_LDL,TPMI_365,rs762861,True
KOGES_LDL,TPMI_365,rs6453131,True
KOGES_LDL,TPMI_365,rs4704827,True
KOGES_LDL,TPMI_365,rs56293029,True
KOGES_LDL,TPMI_365,rs7454595,True
KOGES_LDL,TPMI_365,rs7789194,True
KOGES_LDL,TPMI_365,rs10106829,True
KOGES_LDL,TPMI_365,rs7004158,True
KOGES_LDL,TPMI_365,rs112784971,True
KOGES_LDL,TPMI_365,rs2737245,True
KOGES_LDL,TPMI_365,rs2954029,True
KOGES_LDL,TPMI_365,rs2740488,True
KOGES_LDL,TPMI_365,rs10987803,True
KOGES_LDL,TPMI_365,rs550057,True
KOGES_LDL,TPMI_365,rs41280378,True
KOGES_LDL,TPMI_365,rs6585139,True
KOGES_LDL,TPMI_365,rs2419607,True
KOGES_LDL,TPMI_365,rs1976339,True
KOGES_LDL,TPMI_365,rs174580,True
KOGES_LDL,TPMI_365,rs3741297,True
KOGES_LDL,TPMI_365,rs7952602,True
KOGES_LDL,TPMI_365,rs10492316,True
KOGES_LDL,TPMI_365,rs671,True
KOGES_LDL,TPMI_365,rs1169288,True
KOGES_LDL,TPMI_365,rs2660369,True
KOGES_LDL,TPMI_365,rs61946969,True
KOGES_LDL,TPMI_365,rs9921399,True
KOGES_LDL,TPMI_365,rs561201635,True
KOGES_LDL,TPMI_365,rs77303550,True
KOGES_LDL,TPMI_365,rs2027993,True
KOGES_LDL,TPMI_365,rs9892234,True
KOGES_LDL,TPMI_365,rs740516,True
KOGES_LDL,TPMI_365,rs9953437,True
KOGES_LDL,TPMI_365,rs12459481,True
KOGES_LDL,TPMI_365,rs2738464,True
KOGES_LDL,TPMI_365,rs17699089,True
KOGES_LDL,TPMI_365,rs7254892,True
KOGES_LDL,TPMI_365,rs429358,True
KOGES_LDL,TPMI_365,rs78620885,True
KOGES_LDL,TPMI_365,rs150184119,True
KOGES_LDL,TPMI_365,rs2229893,True
KOGES_LDL,TPMI_365,rs6124314,True
KOGES_TC,TPMI_365,rs17111483,True
KOGES_TC,TPMI_365,rs3903212,True
KOGES_TC,TPMI_365,rs12740374,True
KOGES_TC,TPMI_365,rs10754206,True
KOGES_TC,TPMI_365,rs2642438,True
KOGES_TC,TPMI_365,rs12070208,True
KOGES_TC,TPMI_365,rs484084,True
KOGES_TC,TPMI_365,rs13306194,True
KOGES_TC,TPMI_365,rs1367117,True
KOGES_TC,TPMI_365,rs58953077,True
KOGES_TC,TPMI_365,rs75190536,True
KOGES_TC,TPMI_365,rs1260326,True
KOGES_TC,TPMI_365,rs11689333,True
KOGES_TC,TPMI_365,rs75404951,True
KOGES_TC,TPMI_365,rs142420400,True
KOGES_TC,TPMI_365,rs12654264,True
KOGES_TC,TPMI_365,rs4704827,True
KOGES_TC,TPMI_365,rs56293029,True
KOGES_TC,TPMI_365,rs8191738,True
KOGES_TC,TPMI_365,rs56832849,True
KOGES_TC,TPMI_365,rs34906420,True
KOGES_TC,TPMI_365,rs112784971,True
KOGES_TC,TPMI_365,rs2737245,True
KOGES_TC,TPMI_365,rs2954029,True
KOGES_TC,TPMI_365,rs11789603,True
KOGES_TC,TPMI_365,rs1883025,True
KOGES_TC,TPMI_365,rs10987819,True
KOGES_TC,TPMI_365,rs550057,True
KOGES_TC,TPMI_365,rs41280378,True
KOGES_TC,TPMI_365,rs2297991,True
KOGES_TC,TPMI_365,rs2419607,True
KOGES_TC,TPMI_365,rs12222995,True
KOGES_TC,TPMI_365,rs662799,True
KOGES_TC,TPMI_365,rs7952602,True
KOGES_TC,TPMI_365,rs11110397,True
KOGES_TC,TPMI_365,rs1169288,True
KOGES_TC,TPMI_365,rs2660369,True
KOGES_TC,TPMI_365,rs76898656,True
KOGES_TC,TPMI_365,rs1077835,True
KOGES_TC,TPMI_365,rs247617,True
KOGES_TC,TPMI_365,rs561201635,True
KOGES_TC,TPMI_365,rs77303550,True
KOGES_TC,TPMI_365,rs7405889,True
KOGES_TC,TPMI_365,rs9953437,True
KOGES_TC,TPMI_365,rs1943973,True
KOGES_TC,TPMI_365,rs12459481,True
KOGES_TC,TPMI_365,rs2738464,True
KOGES_TC,TPMI_365,rs17699089,True
KOGES_TC,TPMI_365,rs429358,True
KOGES_TC,TPMI_365,rs142385484,True
KOGES_TC,TPMI_365,rs61102029,True
KOGES_TC,TPMI_365,rs2903023,True
KOGES_TC,TPMI_365,rs6124335,True
KOGES_TG,TPMI_365,rs10889356,True
KOGES_TG,TPMI_365,rs4076525,True
KOGES_TG,TPMI_365,rs13306194,True
KOGES_TG,TPMI_365,rs1260326,True
KOGES_TG,TPMI_365,rs56001553,True
KOGES_TG,TPMI_365,rs4690098,True
KOGES_TG,TPMI_365,rs236681,True
KOGES_TG,TPMI_365,rs7702004,True
KOGES_TG,TPMI_365,rs2269426,True
KOGES_TG,TPMI_365,rs58770498,True
KOGES_TG,TPMI_365,rs10807139,True
KOGES_TG,TPMI_365,rs6905288,True
KOGES_TG,TPMI_365,rs72976941,True
KOGES_TG,TPMI_365,rs61010704,True
KOGES_TG,TPMI_365,rs939955,True
KOGES_TG,TPMI_365,rs343,True
KOGES_TG,TPMI_365,rs1803924,True
KOGES_TG,TPMI_365,rs76920767,True
KOGES_TG,TPMI_365,rs2954021,True
KOGES_TG,TPMI_365,rs4746203,True
KOGES_TG,TPMI_365,rs2068888,True
KOGES_TG,TPMI_365,rs1907256,True
KOGES_TG,TPMI_365,rs97384,True
KOGES_TG,TPMI_365,rs7110823,True
KOGES_TG,TPMI_365,rs6589558,True
KOGES_TG,TPMI_365,rs7350481,True
KOGES_TG,TPMI_365,rs74368849,True
KOGES_TG,TPMI_365,rs17120373,True
KOGES_TG,TPMI_365,rs59450035,True
KOGES_TG,TPMI_365,rs10892103,True
KOGES_TG,TPMI_365,rs261291,True
KOGES_TG,TPMI_365,rs2070895,True
KOGES_TG,TPMI_365,rs6078,True
KOGES_TG,TPMI_365,rs2084152,True
KOGES_TG,TPMI_365,rs7499892,True
KOGES_TG,TPMI_365,rs35137323,True
KOGES_TG,TPMI_365,rs737337,True
KOGES_TG,TPMI_365,rs58542926,True
KOGES_TG,TPMI_365,rs59536587,True
KOGES_TG,TPMI_365,rs483082,True
KOGES_TG,TPMI_365,rs56084109,True
KOGES_TG,TPMI_365,rs16990971,True
KOGES_TG,TPMI_365,rs1800234,True
KOGES_LIP,TPMI_365,rs629301,True
KOGES_LIP,TPMI_365,rs79490663,True
KOGES_LIP,TPMI_365,rs1260326,True
KOGES_LIP,TPMI_365,rs635634,True
KOGES_LIP,TPMI_365,rs651821,True
KOGES_LIP,TPMI_365,rs2738464,True
KOGES_LIP,TPMI_365,rs2278426,True
KOGES_LIP,TPMI_365,rs429358,True
TPMI_LDL,BBJ_Glaucoma,rs10788994,True
TPMI_LDL,BBJ_Glaucoma,rs7552350,True
TPMI_LDL,BBJ_Glaucoma,rs72959207,True
TPMI_LDL,BBJ_Glaucoma,rs12740374,True
TPMI_LDL,BBJ_Glaucoma,rs36190370,True
TPMI_LDL,BBJ_Glaucoma,rs13306194,True
TPMI_LDL,BBJ_Glaucoma,rs1367117,True
TPMI_LDL,BBJ_Glaucoma,rs780095,True
TPMI_LDL,BBJ_Glaucoma,rs73923871,True
TPMI_LDL,BBJ_Glaucoma,rs10164853,True
TPMI_LDL,BBJ_Glaucoma,rs6882842,True
TPMI_LDL,BBJ_Glaucoma,rs6882076,True
TPMI_LDL,BBJ_Glaucoma,rs117269079,True
TPMI_LDL,BBJ_Glaucoma,rs73596816,True
TPMI_LDL,BBJ_Glaucoma,rs55696093,True
TPMI_LDL,BBJ_Glaucoma,rs7780562,True
TPMI_LDL,BBJ_Glaucoma,rs10275839,True
TPMI_LDL,BBJ_Glaucoma,rs112784971,True
TPMI_LDL,BBJ_Glaucoma,rs2721961,True
TPMI_LDL,BBJ_Glaucoma,rs17321515,True
TPMI_LDL,BBJ_Glaucoma,rs10987813,True
TPMI_LDL,BBJ_Glaucoma,rs2519093,True
TPMI_LDL,BBJ_Glaucoma,rs7924152,True
TPMI_LDL,BBJ_Glaucoma,rs143833857,True
TPMI_LDL,BBJ_Glaucoma,rs139488238,True
TPMI_LDL,BBJ_Glaucoma,rs147051582,True
TPMI_LDL,BBJ_Glaucoma,rs4259769,True
TPMI_LDL,BBJ_Glaucoma,rs2803621,True
TPMI_LDL,BBJ_Glaucoma,rs4573621,True
TPMI_LDL,BBJ_Glaucoma,rs11601507,True
TPMI_LDL,BBJ_Glaucoma,rs662799,True
TPMI_LDL,BBJ_Glaucoma,rs74612335,True
TPMI_LDL,BBJ_Glaucoma,rs1169288,True
TPMI_LDL,BBJ_Glaucoma,rs10492397,True
TPMI_LDL,BBJ_Glaucoma,rs9577923,True
TPMI_LDL,BBJ_Glaucoma,rs2296651,True
TPMI_LDL,BBJ_Glaucoma,rs12149359,True
TPMI_LDL,BBJ_Glaucoma,rs77303550,True
TPMI_LDL,BBJ_Glaucoma,rs34139656,True
TPMI_LDL,BBJ_Glaucoma,rs55714927,True
TPMI_LDL,BBJ_Glaucoma,rs8081240,True
TPMI_LDL,BBJ_Glaucoma,rs740516,True
TPMI_LDL,BBJ_Glaucoma,rs11668364,True
TPMI_LDL,BBJ_Glaucoma,rs6511720,True
TPMI_LDL,BBJ_Glaucoma,rs2738464,True
TPMI_LDL,BBJ_Glaucoma,rs1263305,True
TPMI_LDL,BBJ_Glaucoma,rs3745683,True
TPMI_LDL,BBJ_Glaucoma,rs12460388,True
TPMI_LDL,BBJ_Glaucoma,rs2889414,True
TPMI_LDL,BBJ_Glaucoma,rs10420036,True
TPMI_LDL,BBJ_Glaucoma,rs7254892,True
TPMI_LDL,BBJ_Glaucoma,rs429358,True
TPMI_LDL,BBJ_Glaucoma,rs204474,True
TPMI_LDL,BBJ_Glaucoma,rs2618566,True
TPMI_LDL,BBJ_Glaucoma,rs6029178,True
TPMI_LDL,BBJ_Glaucoma,rs4810309,True
TPMI_LDL,BBJ_Glaucoma,rs141433657,True
TPMI_TC,BBJ_Glaucoma,rs199717562,True
TPMI_TC,BBJ_Glaucoma,rs3897715,True
TPMI_TC,BBJ_Glaucoma,rs72959207,True
TPMI_TC,BBJ_Glaucoma,rs12740374,True
TPMI_TC,BBJ_Glaucoma,rs2642438,True
TPMI_TC,BBJ_Glaucoma,rs12070208,True
TPMI_TC,BBJ_Glaucoma,rs6531216,True
TPMI_TC,BBJ_Glaucoma,rs13306194,True
TPMI_TC,BBJ_Glaucoma,rs1367117,True
TPMI_TC,BBJ_Glaucoma,rs10164853,True
TPMI_TC,BBJ_Glaucoma,rs2389613,True
TPMI_TC,BBJ_Glaucoma,rs4690098,True
TPMI_TC,BBJ_Glaucoma,rs1902023,True
TPMI_TC,BBJ_Glaucoma,rs75738725,True
TPMI_TC,BBJ_Glaucoma,rs118190473,True
TPMI_TC,BBJ_Glaucoma,rs6453131,True
TPMI_TC,BBJ_Glaucoma,rs6882076,True
TPMI_TC,BBJ_Glaucoma,rs117269079,True
TPMI_TC,BBJ_Glaucoma,rs73596816,True
TPMI_TC,BBJ_Glaucoma,rs4470903,True
TPMI_TC,BBJ_Glaucoma,rs35723463,True
TPMI_TC,BBJ_Glaucoma,rs10275839,True
TPMI_TC,BBJ_Glaucoma,rs7004769,True
TPMI_TC,BBJ_Glaucoma,rs4921913,True
TPMI_TC,BBJ_Glaucoma,rs112784971,True
TPMI_TC,BBJ_Glaucoma,rs2737240,True
TPMI_TC,BBJ_Glaucoma,rs17321515,True
TPMI_TC,BBJ_Glaucoma,rs4149314,True
TPMI_TC,BBJ_Glaucoma,rs1883025,True
TPMI_TC,BBJ_Glaucoma,rs73664375,True
TPMI_TC,BBJ_Glaucoma,rs10987813,True
TPMI_TC,BBJ_Glaucoma,rs2519093,True
TPMI_TC,BBJ_Glaucoma,rs143833857,True
TPMI_TC,BBJ_Glaucoma,rs139488238,True
TPMI_TC,BBJ_Glaucoma,rs147051582,True
TPMI_TC,BBJ_Glaucoma,rs4259769,True
TPMI_TC,BBJ_Glaucoma,rs2803621,True
TPMI_TC,BBJ_Glaucoma,rs12413488,True
TPMI_TC,BBJ_Glaucoma,rs11601507,True
TPMI_TC,BBJ_Glaucoma,rs662799,True
TPMI_TC,BBJ_Glaucoma,rs115991973,True
TPMI_TC,BBJ_Glaucoma,rs74612335,True
TPMI_TC,BBJ_Glaucoma,rs2373355,True
TPMI_TC,BBJ_Glaucoma,rs1169288,True
TPMI_TC,BBJ_Glaucoma,rs10492397,True
TPMI_TC,BBJ_Glaucoma,rs9577923,True
TPMI_TC,BBJ_Glaucoma,rs2296651,True
TPMI_TC,BBJ_Glaucoma,rs72739147,True
TPMI_TC,BBJ_Glaucoma,rs261291,True
TPMI_TC,BBJ_Glaucoma,rs2070895,True
TPMI_TC,BBJ_Glaucoma,rs2303988,True
TPMI_TC,BBJ_Glaucoma,rs76038336,True
TPMI_TC,BBJ_Glaucoma,rs12149545,True
TPMI_TC,BBJ_Glaucoma,rs77303550,True
TPMI_TC,BBJ_Glaucoma,rs870021,True
TPMI_TC,BBJ_Glaucoma,rs55714927,True
TPMI_TC,BBJ_Glaucoma,rs740516,True
TPMI_TC,BBJ_Glaucoma,rs9958734,True
TPMI_TC,BBJ_Glaucoma,rs2156552,True
TPMI_TC,BBJ_Glaucoma,rs2361222,True
TPMI_TC,BBJ_Glaucoma,rs11668364,True
TPMI_TC,BBJ_Glaucoma,rs6511720,True
TPMI_TC,BBJ_Glaucoma,rs2738464,True
TPMI_TC,BBJ_Glaucoma,rs1263305,True
TPMI_TC,BBJ_Glaucoma,rs2278426,True
TPMI_TC,BBJ_Glaucoma,rs429358,True
TPMI_TC,BBJ_Glaucoma,rs7412,True
TPMI_TC,BBJ_Glaucoma,rs142385484,True
TPMI_TC,BBJ_Glaucoma,rs2618566,True
TPMI_TC,BBJ_Glaucoma,rs6029178,True
TPMI_TC,BBJ_Glaucoma,rs6016505,True
TPMI_TC,BBJ_Glaucoma,rs1800961,True
TPMI_TC,BBJ_Glaucoma,rs5763919,True
TPMI_TC,BBJ_Glaucoma,rs182531900,True
TPMI_HDL,BBJ_Glaucoma,rs333947,True
TPMI_HDL,BBJ_Glaucoma,rs2642438,True
TPMI_HDL,BBJ_Glaucoma,rs2144300,True
TPMI_HDL,BBJ_Glaucoma,rs2337382,True
TPMI_HDL,BBJ_Glaucoma,rs35641859,True
TPMI_HDL,BBJ_Glaucoma,rs2167501,True
TPMI_HDL,BBJ_Glaucoma,rs2618405,True
TPMI_HDL,BBJ_Glaucoma,rs459193,True
TPMI_HDL,BBJ_Glaucoma,rs143312148,True
TPMI_HDL,BBJ_Glaucoma,rs998584,True
TPMI_HDL,BBJ_Glaucoma,rs679582,True
TPMI_HDL,BBJ_Glaucoma,rs1800769,True
TPMI_HDL,BBJ_Glaucoma,rs144164538,True
TPMI_HDL,BBJ_Glaucoma,rs7004769,True
TPMI_HDL,BBJ_Glaucoma,rs17152393,True
TPMI_HDL,BBJ_Glaucoma,rs17411113,True
TPMI_HDL,BBJ_Glaucoma,rs12544702,True
TPMI_HDL,BBJ_Glaucoma,rs2297409,True
TPMI_HDL,BBJ_Glaucoma,rs3824477,True
TPMI_HDL,BBJ_Glaucoma,rs4149298,True
TPMI_HDL,BBJ_Glaucoma,rs1883025,True
TPMI_HDL,BBJ_Glaucoma,rs73664375,True
TPMI_HDL,BBJ_Glaucoma,rs143833857,True
TPMI_HDL,BBJ_Glaucoma,rs139488238,True
TPMI_HDL,BBJ_Glaucoma,rs147051582,True
TPMI_HDL,BBJ_Glaucoma,rs4259769,True
TPMI_HDL,BBJ_Glaucoma,rs2803611,True
TPMI_HDL,BBJ_Glaucoma,rs4573621,True
TPMI_HDL,BBJ_Glaucoma,rs174551,True
TPMI_HDL,BBJ_Glaucoma,rs10892023,True
TPMI_HDL,BBJ_Glaucoma,rs4938307,True
TPMI_HDL,BBJ_Glaucoma,rs5094,True
TPMI_HDL,BBJ_Glaucoma,rs5076,True
TPMI_HDL,BBJ_Glaucoma,rs79719909,True
TPMI_HDL,BBJ_Glaucoma,rs921919,True
TPMI_HDL,BBJ_Glaucoma,rs12305535,True
TPMI_HDL,BBJ_Glaucoma,rs10773112,True
TPMI_HDL,BBJ_Glaucoma,rs7134003,True
TPMI_HDL,BBJ_Glaucoma,rs4983387,True
TPMI_HDL,BBJ_Glaucoma,rs72739147,True
TPMI_HDL,BBJ_Glaucoma,rs75950124,True
TPMI_HDL,BBJ_Glaucoma,rs1532085,True
TPMI_HDL,BBJ_Glaucoma,rs2070895,True
TPMI_HDL,BBJ_Glaucoma,rs74021113,True
TPMI_HDL,BBJ_Glaucoma,rs8055054,True
TPMI_HDL,BBJ_Glaucoma,rs247610,True
TPMI_HDL,BBJ_Glaucoma,rs17231506,True
TPMI_HDL,BBJ_Glaucoma,rs9924087,True
TPMI_HDL,BBJ_Glaucoma,rs12597250,True
TPMI_HDL,BBJ_Glaucoma,rs1801706,True
TPMI_HDL,BBJ_Glaucoma,rs289736,True
TPMI_HDL,BBJ_Glaucoma,rs139193849,True
TPMI_HDL,BBJ_Glaucoma,rs2292318,True
TPMI_HDL,BBJ_Glaucoma,rs12601642,True
TPMI_HDL,BBJ_Glaucoma,rs12451109,True
TPMI_HDL,BBJ_Glaucoma,rs9958734,True
TPMI_HDL,BBJ_Glaucoma,rs6507942,True
TPMI_HDL,BBJ_Glaucoma,rs56322906,True
TPMI_HDL,BBJ_Glaucoma,rs429358,True
TPMI_HDL,BBJ_Glaucoma,rs7412,True
TPMI_HDL,BBJ_Glaucoma,rs112391061,True
TPMI_HDL,BBJ_Glaucoma,rs367070,True
TPMI_HDL,BBJ_Glaucoma,rs1800961,True
TPMI_HDL,BBJ_Glaucoma,rs76083992,True
TPMI_HDL,BBJ_Glaucoma,rs235314,True
